index,amine,aldehyde,topology,aldehyde_peaks,aldehyde_amplitudes,imine_peaks,imine_amplitudes,aldehyde?,imine?
0,Nc1nc(N)nc(N)n1,O=Cc1cccc(C=O)c1,FOUR_PLUS_SIX,"[10.145726750665078, 10.129834165298146, 10.1151640864979, 10.087046435464094]","[1610227.546875, 30782.8515625, 392924.3203125, 102275.5234375]","[8.258176611700078, 8.248396559166581, 8.247174052599894, 8.230058960666275, 8.192161257098972, 8.187882484115567, 8.12064462294777, 8.110253317130931, 8.107197050714213, 8.102918277730806, 8.018565324629392, 7.892647148260613, 7.796680382775669, 7.791790356508921, 7.788734090092204, 7.783232810542112, 7.777731530992018, 7.771618998158582, 7.696434844307321, 7.576629200771977, 7.566237894955137, 7.439708465303013, 7.436040945602953, 7.360856791751692, 7.351687992501537, 7.34863172608482, 7.340685433401353, 7.338240420267978]","[405757.390625, 10120.34375, 34266.3125, 1878168.28125, 90943.3671875, 20266.4765625, 694873.5234375, 10636.6484375, 20783.4140625, 90601.5625, 22569.875, 10534740.359375, 21189.0546875, 41433.6015625, 31414.4375, 10063.96875, 32201.8984375, 79782.015625, 7762167.21875, 56228.875, 224808.84375, 10539.4140625, 99529.5703125, 10099.28125, 10050.4296875, 30470.328125, 125798.3359375, 22982.0703125]",true,true
1,Nc1nc(N)nc(N)n1,O=Cc1cccc(C=O)c1,EIGHT_PLUS_TWELVE,,[],"[8.584585865005556, 8.572360799338684, 8.497787898770765, 8.43177254416966, 8.397542360302417, 8.158542326515073, 7.888979628560552, 7.886534615427177, 7.870642030060244, 7.868197016926869, 7.78139905069208, 7.596800559122316, 7.193373392115548, 7.192150885548861, 7.036281298296245, 7.033836285162872]","[10169.8359375, 1453578.984375, 233708.8203125, 21440.5859375, 4590117.765625, 1490995.7265625, 22392.453125, 10000.1640625, 30335.640625, 31750.09375, 4745030.6640625, 31735.6015625, 43600.0078125, 10032.546875, 10003.9296875, 41449.25]",false,true
2,Nc1nc(N)nc(N)n1,O=Cc1cccc(C=O)c1,TWENTY_PLUS_THIRTY,,[],"[8.457445182070089, 8.434217557303032, 8.418324971936098, 8.38776230776892, 8.160987339648448, 8.129202168914581, 7.777731530992018, 7.774064011291957, 7.7630614521917725]","[681756.9765625, 30980.5625, 87873.6484375, 80764.8125, 845471.1796875, 278867.5546875, 10304.8671875, 10042.2265625, 496365.8828125]",false,true
3,Cc1c(CN)c(C)c(CN)c(C)c1CN,O=Cc1cccc(C=O)c1,FOUR_PLUS_SIX,[10.124944139031397],[103388.3359375],"[8.327248232717904, 8.003283992545802, 7.979445114495402, 7.777120277708676, 7.420759613519364, 7.339462926834665, 7.1884833658488, 7.182982086298708]","[346461.671875, 466629.90625, 21295.4140625, 31393579.4921875, 30698.5, 10034.6015625, 53338.9375, 74643.078125]",true,true
4,Cc1c(CN)c(C)c(CN)c(C)c1CN,O=Cc1cccc(C=O)c1,EIGHT_PLUS_TWELVE,"[10.219688397949653, 10.145115497381736]","[69940.921875, 10033.234375]","[8.426882517902909, 8.162209846215136, 8.113920836830992, 8.111475823697617, 8.110253317130931, 8.09130446534728, 7.956828743011689, 7.952549970028285, 7.94827119704488, 7.945826183911505, 7.940324904361413, 7.8938696548273, 7.87675456289368, 7.8700307767769, 7.855971951259997, 7.838856859326377, 7.8315218199262535, 7.8223530206761005, 7.813184221425946, 7.717828709224348, 7.6976573508740085, 7.69276732460726, 7.677485992523669, 7.673207219540265, 7.6408107955230555, 7.633475756122932, 7.627363223289496, 7.620028183889373, 7.611470637922562, 7.602913091955752, 7.588854266438849, 7.562570375255076, 7.559514108838357, 7.555846589138296, 7.552179069438234, 7.544844030038112, 7.411590814269209, 7.404867028152429, 7.402422015019056, 7.4005882551690245, 7.2019309380823575, 7.1927621388322045, 7.181148326448676, 7.1774808067486155, 7.176258300181928]","[245027.1171875, 1587203.5390625, 21826.8046875, 10748.6953125, 10515.328125, 10494.7421875, 10166.453125, 96524.6484375, 20220.3203125, 43697.6328125, 30593.28125, 1862222.109375, 21077.15625, 327815.078125, 20293.1484375, 231067.765625, 33053.171875, 368988.2265625, 11259.5546875, 146901.0625, 169728.6171875, 10403.671875, 20846.40625, 10059.1953125, 10234.96875, 122263.5, 20859.515625, 10232.796875, 154395.0546875, 20771.1875, 847416.453125, 41965.2265625, 58580.7421875, 34049.75, 133351.0859375, 10477.75, 10026.4375, 44934.8203125, 10720.84375, 10561.6875, 21946.1640625, 118196.1875, 10658.9609375, 10664.34375, 10159.78125]",true,true
5,Cc1c(CN)c(C)c(CN)c(C)c1CN,O=Cc1cccc(C=O)c1,TWENTY_PLUS_THIRTY,"[10.208685838849469, 10.187903227215786, 10.17812317468229, 10.145115497381736]","[160623.2890625, 21534.9375, 693502.5625, 337048.1484375]","[8.448887636103278, 8.259399118266765, 8.257565358416736, 8.228836454099588, 8.069910600430253]","[303507.7265625, 31685.2734375, 10702.8515625, 1123963.8359375, 4094602.8359375]",true,true
6,NCCN(CCN)CCN,O=Cc1cccc(C=O)c1,FOUR_PLUS_SIX,[9.99107966997915],[10258.46875],"[8.07418937341366, 7.889590881843896, 7.847414405293188, 7.800959155759074, 7.7985141426257005, 7.774064011291957, 7.738611320858029, 7.736777561007997, 7.731887534741249, 7.722718735491096, 7.71843996250769, 7.717217455941004, 7.189705872415486, 7.1842045928653935, 7.120022998114317, 7.11024294558082, 7.093739106930544, 7.083347801113701]","[20477.7578125, 356081.9453125, 147964.4453125, 10133.625, 10093.484375, 2509880.5390625, 10059.25, 10418.453125, 189195.5625, 20363.71875, 20323.0, 10584.3203125, 118758.890625, 120537.4453125, 89139.3359375, 258217.703125, 137808.9140625, 21164.3515625]",true,true
7,NCCN(CCN)CCN,O=Cc1cccc(C=O)c1,EIGHT_PLUS_TWELVE,"[10.002082229079337, 9.975187084612218, 9.969074551778784, 9.965407032078721, 9.961128259095316, 9.956238232828566, 9.952570713128505]","[2961262.7421875, 10154.25, 20996.828125, 10460.59375, 11220.875, 10221.3828125, 65908.2890625]","[8.08641443908053, 8.05218425521329, 7.921987305861105, 7.843135632309782, 7.825409287092818, 7.8137954747092895, 7.121856757964348, 7.1188004915476295, 7.096795373347261, 7.079069028130297, 7.075401508430236, 6.860851605976636]","[2799658.3984375, 473963.0234375, 4784992.5703125, 21756.125, 75700.2890625, 21276.9921875, 188062.890625, 33473.2890625, 758390.4921875, 20601.625, 53626.734375, 108491.109375]",true,true
8,NCCN(CCN)CCN,O=Cc1cccc(C=O)c1,TWENTY_PLUS_THIRTY,[10.002693482362679],[342839.6171875],"[8.618816048872796, 8.089470705497249, 7.921987305861105, 7.90242720079411, 7.901204694227424, 7.659759647306705, 7.137138090047937, 7.125524277664409, 7.121856757964348, 7.116355478414256, 7.083959054397045, 6.88530173731038, 6.841291500909641, 6.837012727926236, 6.789334971825436, 6.648135463373068]","[2666505.46875, 339081.0625, 648269.9921875, 10465.125, 10067.828125, 23310347.171875, 10472.46875, 31808.1484375, 10444.0625, 21118.328125, 3349833.59375, 8247653.5390625, 75485.6875, 31245.1796875, 4346211.2109375, 7839671.6484375]",true,true
9,CCc1c(CN)c(CC)c(CN)c(CC)c1CN,O=Cc1cccc(C=O)c1,FOUR_PLUS_SIX,"[10.002693482362679, 9.976409591178905, 9.974575831328876, 9.954404472978537]","[3430458.0078125, 10300.2578125, 10056.1484375, 67336.5078125]","[8.087025692363875, 8.053406761779977, 8.04362670924648, 8.041792949396449, 7.962941275845125, 7.921987305861105, 7.852304431559936, 7.826020540376161, 7.822964273959444, 7.816240487842665, 7.8137954747092895, 7.19887467166564, 7.098017879913948, 6.860851605976636]","[3157487.1640625, 540798.234375, 31338.90625, 10002.171875, 20395.71875, 4870414.9453125, 572961.171875, 20714.1484375, 21470.9765625, 10533.1015625, 10342.4296875, 10045.9765625, 33411.953125, 69868.34375]",true,true
10,CCc1c(CN)c(CC)c(CN)c(CC)c1CN,O=Cc1cccc(C=O)c1,EIGHT_PLUS_TWELVE,[9.997192202812586],[497483.6484375],"[8.430550037602972, 8.398764866869104, 8.081524412813783, 7.90731722706086, 7.894480908110644, 7.8908133884105816, 7.855971951259997, 7.851081924993249, 7.8046266754591365, 7.206820964349108]","[2958352.9140625, 20534.625, 483412.625, 769527.3828125, 52724.0859375, 78391.1640625, 20232.03125, 121255.5546875, 30746.453125, 10161.5546875]",true,true
11,CCc1c(CN)c(CC)c(CN)c(CC)c1CN,O=Cc1cccc(C=O)c1,TWENTY_PLUS_THIRTY,,[],"[8.484951579820551, 8.448887636103278, 8.160376086365105, 8.105363290864181, 7.775897771141988, 7.7569489193583365, 7.7153836960909725, 7.1658669943650875]","[1111560.28125, 209729.8203125, 822460.5078125, 308017.546875, 21640.203125, 1397286.8359375, 20412.9921875, 212276.3984375]",false,true
12,NCCCN(CCCN)CCCN,O=Cc1cccc(C=O)c1,FOUR_PLUS_SIX,,[],"[8.20010754978244, 8.181158697998788, 8.162209846215136, 8.139593474731422, 7.834578086342972, 7.344964206384757, 7.343741699818072, 7.34190793996804, 7.339462926834665, 7.204987204499076, 7.202542191365701, 7.090682840513825, 6.898749309543939, 6.856572832993232, 6.8272326753927395, 6.825398915542708, 6.8217313958426455]","[10330.46875, 326868.296875, 101735.015625, 138495.53125, 198111.3125, 30750.9921875, 10193.5625, 20596.59375, 10012.5703125, 31910.7109375, 10079.4375, 261537.2265625, 10288.1640625, 1719563.5390625, 10014.09375, 52379.984375, 20653.34375]",false,true
13,NCCCN(CCCN)CCCN,O=Cc1cccc(C=O)c1,EIGHT_PLUS_TWELVE,,[],"[8.1084195572809, 8.105363290864181, 8.086414439080531, 7.800959155759074, 7.717217455941004, 7.713549936240941, 7.66220466044008, 7.363913058168409, 7.360856791751692, 7.358411778618317, 7.352910499068225, 7.209265977482481, 7.204987204499076, 6.734322176324513, 6.73187716319114, 6.714762071257518, 6.674419354556841]","[10514.0703125, 10677.75, 951730.171875, 581811.0, 44244.3828125, 67695.90625, 328028.5390625, 20831.390625, 30973.7421875, 10367.09375, 20216.78125, 10121.4453125, 10052.1875, 10020.7265625, 31013.109375, 329715.203125, 308845.9921875]",false,true
14,NCCCN(CCCN)CCCN,O=Cc1cccc(C=O)c1,TWENTY_PLUS_THIRTY,"[9.739243317241593, 9.687286788157389]","[2168102.1796875, 20492.7109375]","[8.253286585433331, 8.242895279616489, 8.148151020698233, 7.970276315245249, 7.8938696548273, 7.8877571219938645, 7.5760179474886336, 7.57357293435526, 7.572350427788573, 7.570516667938541, 7.567460401521824, 7.560736615405045, 7.555846589138296, 7.1658669943650875, 7.163421981231712, 7.158531954964964, 7.154253181981558, 7.148751902431465, 7.146306889298092, 7.1365268367645935, 7.134693076914564, 7.126135530947753, 7.120634251397661, 7.119411744830973, 7.107797932447445, 7.092516600363856, 6.972710956828513]","[10295.2578125, 804941.078125, 208023.1796875, 518828.515625, 10171.015625, 136556.734375, 20782.3203125, 10489.9609375, 10393.09375, 21352.421875, 55412.296875, 168595.1171875, 10190.4921875, 10310.4765625, 20431.1015625, 10253.453125, 10054.046875, 10201.234375, 10121.65625, 10118.953125, 10008.046875, 10015.0859375, 20458.2421875, 10506.0703125, 163609.2734375, 2016492.8828125, 1262789.5546875]",true,true
15,Nc1nc(N)nc(N)n1,CC(C)(C)c1cc(C=O)c(O)c(C=O)c1,FOUR_PLUS_SIX,[10.030811133396485],[310230.296875],"[8.284460502883853, 8.270401677366952, 7.901815947510768, 7.88347834901046, 7.800347902475732, 7.788734090092204, 7.68604353849048, 7.618805677322685, 7.543010270188081, 7.486163714837128, 7.4806624352870354, 7.478828675437004, 7.102296652897353]","[147171.9375, 283315.671875, 412565.578125, 487427.640625, 52328.3671875, 429652.4140625, 4161598.234375, 10179.7421875, 1621448.78125, 20561.2421875, 20475.53125, 97805.296875, 32025.6484375]",true,true
16,Nc1nc(N)nc(N)n1,CC(C)(C)c1cc(C=O)c(O)c(C=O)c1,EIGHT_PLUS_TWELVE,,[],"[8.416491212086068, 8.412823692386008, 8.41160118581932, 8.39815361358576, 8.389596067618951, 8.351698364051648, 8.343752071368181, 8.340084551668118, 8.31807943346775, 8.19032749724894, 7.893258401543957, 7.876143309610336, 7.873698296476961, 7.37247060413522, 6.859629099409949, 6.789334971825436, 6.758161054374913, 6.728820896774421, 6.648135463373068, 6.605347733539016]","[10090.46875, 22704.7265625, 10082.7265625, 10866.5234375, 483639.65625, 401839.453125, 10293.3125, 43808.96875, 320903.59375, 10876.078125, 231919.859375, 56183.484375, 10361.2265625, 10031.703125, 139071.953125, 6129119.0, 10453.046875, 31461.5703125, 8767504.0390625, 76265.28125]",false,true
17,Nc1nc(N)nc(N)n1,CC(C)(C)c1cc(C=O)c(O)c(C=O)c1,TWENTY_PLUS_THIRTY,"[9.738020810674906, 9.681174255323953, 9.679951748757265, 9.67383921592383]","[4698252.609375, 10106.296875, 10147.1875, 102348.46875]","[8.271624183933637, 8.262455384683484, 8.26001037155011, 8.258176611700078, 8.242895279616489, 8.148762273981577, 8.08641443908053, 8.0845806792305, 8.082135666097125, 8.019787831196078, 8.0130640450793, 8.00634025896252, 8.00450649911249, 8.00267273926246, 7.998393966279055, 7.996560206429022, 7.9708875685285925, 7.892035894977269, 7.741056333991404, 7.678708499090357, 7.676263485956984, 7.615138157622624, 7.453767290819917, 7.442764731719732, 7.440930971869701, 7.43726345216964, 7.434207185752921, 7.2013196847990155, 7.197040911815609, 7.193984645398892, 7.121856757964348, 7.092516600363856]","[287390.765625, 10598.96875, 11683.671875, 10249.53125, 1759294.15625, 381820.34375, 10264.296875, 11600.0625, 20454.546875, 175807.0625, 10164.59375, 31031.6875, 10181.078125, 54119.171875, 21341.921875, 10011.171875, 1229726.046875, 222636.765625, 117539.53125, 33333.859375, 21420.109375, 10434.484375, 10387.40625, 10446.53125, 10329.9375, 31435.734375, 21785.0625, 86032.203125, 30668.59375, 10350.375, 143147.875, 3545283.5]",true,true
18,Cc1c(CN)c(C)c(CN)c(C)c1CN,CC(C)(C)c1cc(C=O)c(O)c(C=O)c1,FOUR_PLUS_SIX,,[],"[8.187271230832222, 8.182381204565475, 8.1799361914321, 8.171378645465289, 8.153041046964981, 8.123700889364489, 8.110864570414273, 8.101084517880777, 7.83091056664291, 7.826631793659505, 7.81868550097604, 7.348020472801476, 7.346797966234789, 7.339462926834665, 7.2123222438992, 6.873687924926852, 6.838846487776268, 6.824787662259364, 6.748381001841416, 6.736767189457888, 6.730654656624452, 6.721485857374297, 6.719652097524268]","[20205.734375, 10507.1484375, 10536.546875, 232139.875, 71741.5859375, 148467.6875, 10117.359375, 466927.78125, 10139.53125, 10241.15625, 31637.96875, 10459.6640625, 10048.625, 87399.1171875, 10119.703125, 769682.8046875, 841250.7265625, 43207.5546875, 10912.734375, 105935.265625, 103219.859375, 10085.828125, 20737.7109375]",false,true
19,Cc1c(CN)c(C)c(CN)c(C)c1CN,CC(C)(C)c1cc(C=O)c(O)c(C=O)c1,EIGHT_PLUS_TWELVE,,[],"[8.233726480366334, 8.209276349032592, 8.178713684865413, 8.177491178298725, 8.171989898748633, 8.165266112631853, 8.157931073231731, 8.134703448464675, 8.129813422197925, 8.124312142647833, 8.123089636081145, 7.830299313359568, 7.817462994409352, 7.334572900567917, 7.3315166341512, 7.329682874301168, 7.170757020631836, 7.1689232607818045, 7.167089500931773, 7.1597544615316515, 6.929311973711117, 6.924421947444369, 6.918309414610933, 6.846792780459733, 6.8040050506256815, 6.801560037492308, 6.78994622510878, 6.787501211975405, 6.784444945558688, 6.781388679141969, 6.7801661725752815, 6.774053639741847, 6.759994814224944, 6.758161054374913, 6.754493534674852, 6.745935988708041, 6.731265909907796, 6.715984577824205, 6.706204525290708, 6.695813219473868]","[20835.4609375, 1135154.6875, 10020.46875, 10081.71875, 43325.796875, 188896.4921875, 10010.109375, 10044.0859375, 119907.65625, 10096.515625, 10440.5859375, 147705.8515625, 179477.8203125, 10076.6875, 10137.5, 47826.640625, 21065.921875, 20611.171875, 10097.78125, 10212.5625, 53279.375, 20584.46875, 54324.21875, 2659478.2734375, 10161.40625, 21449.828125, 10038.7265625, 30206.9140625, 10335.515625, 10172.5703125, 10059.21875, 344320.296875, 20536.5859375, 21372.5546875, 63795.4375, 77514.515625, 10403.2109375, 184495.265625, 53164.53125, 10111.8984375]",false,true
20,Cc1c(CN)c(C)c(CN)c(C)c1CN,CC(C)(C)c1cc(C=O)c(O)c(C=O)c1,TWENTY_PLUS_THIRTY,,[],"[8.129202168914581, 8.109642063847588, 8.097416998180716, 7.928099838694541, 7.923821065711136, 7.909762240194233, 7.603524345239096, 7.447043504703137, 7.385918176368778, 7.381028150102029, 7.378583136968656, 6.93970327952796, 6.93297949341118, 6.9195319211776205]","[20897.6484375, 534653.375, 10614.828125, 161429.828125, 63059.9140625, 180897.71875, 15061504.3359375, 197797.7109375, 30431.9765625, 20315.8046875, 76165.203125, 198287.1640625, 63388.8828125, 1468918.2734375]",false,true
21,NCCN(CCN)CCN,CC(C)(C)c1cc(C=O)c(O)c(C=O)c1,FOUR_PLUS_SIX,,[],"[7.869419523493557, 7.829688060076224, 7.663427167006768, 7.179314566598645, 7.177480806748614, 7.173202033765209, 7.1689232607818045]","[10190.9140625, 52383.8046875, 13980057.1484375, 31524.5390625, 20718.15625, 95250.484375, 10005.40625]",false,true
22,NCCN(CCN)CCN,CC(C)(C)c1cc(C=O)c(O)c(C=O)c1,EIGHT_PLUS_TWELVE,"[10.104161527397716, 9.745967103358373, 9.717849452324566]","[32548.0390625, 3046399.078125, 43783.9609375]","[8.014897804929332, 7.9232098124277925, 7.153030675414872, 7.148140649148123, 7.145695636014748, 7.140805609748, 7.108409185730789, 6.8095063301757754, 6.758161054374913]","[93247.125, 10211.8671875, 75400.96875, 11001.4921875, 32319.8203125, 10085.0703125, 20813.5625, 3287614.140625, 10212.0546875]",true,true
23,NCCN(CCN)CCN,CC(C)(C)c1cc(C=O)c(O)c(C=O)c1,TWENTY_PLUS_THIRTY,[10.030199880113141],[351201.5078125],"[8.269790424083608, 7.90059344094408, 7.8816445891604285, 7.643255808656429, 7.624918210156121, 7.561959121971732, 7.554012829288265, 7.542399016904737, 7.418925853669332, 7.078457774846953, 7.066232709180081, 7.060731429629989, 7.0533963902298655]","[382479.921875, 320880.828125, 407796.3671875, 2700561.765625, 242744.4921875, 286698.6640625, 10213.7578125, 516334.28125, 1573367.1796875, 74512.1796875, 31761.9609375, 10225.6484375, 65342.7265625]",true,true
24,CCc1c(CN)c(CC)c(CN)c(CC)c1CN,CC(C)(C)c1cc(C=O)c(O)c(C=O)c1,FOUR_PLUS_SIX,,[],"[8.334583272118026, 7.873698296476961, 7.849859418426561, 7.838245606043033, 7.836411846193004, 7.821130514109413, 7.808294195159197, 7.7477801201081835, 7.676874739240326, 7.638977035673024, 7.635309515972962, 7.541176510338049, 7.4091458011358355, 7.398143242035649, 7.388363189502153, 7.382250656668717, 7.378583136968656, 7.371248097568532, 7.361468045035036, 7.351687992501537, 7.348020472801476, 7.132859317064533, 7.124913024381065, 7.122468011247692, 7.119411744830973, 7.115744225130912, 7.104130412747384, 7.063787696046708, 7.044838844263056, 6.978212236378605, 6.96720967727842, 6.888358003727097, 6.871854165076821, 6.829677688526113, 6.789334971825436, 6.709260791707425, 6.672585594706812, 6.6701405815734365, 6.648135463373068]","[551368.515625, 20598.640625, 881295.5, 10490.421875, 10005.296875, 10279.484375, 20991.6875, 2975262.359375, 2327466.0625, 42414.953125, 20982.484375, 10143.75, 10220.65625, 345408.09375, 10226.140625, 23744.546875, 115906.0625, 21099.515625, 21490.171875, 22281.25, 33387.59375, 10358.84375, 10040.140625, 32855.3125, 10060.609375, 21870.59375, 21001.671875, 1363122.25, 44531.375, 44813.015625, 1850171.375, 1838933.890625, 22841.09375, 54847.609375, 3192278.578125, 1794966.765625, 43939.078125, 10029.40625, 3260186.75]",false,true
25,CCc1c(CN)c(CC)c(CN)c(CC)c1CN,CC(C)(C)c1cc(C=O)c(O)c(C=O)c1,EIGHT_PLUS_TWELVE,"[10.104772780681058, 9.745967103358373, 9.717849452324566]","[71392.2109375, 3748729.8828125, 78039.0390625]","[8.034457909996325, 8.015509058212674, 7.920153546011074, 7.722718735491096, 7.487997474687157, 7.484329954987096, 7.482496195137065, 7.480662435287034, 7.478828675437004, 7.476383662303629, 7.472716142603568, 7.445209744853106, 7.398143242035649, 7.211099737332512, 6.8095063301757754]","[64264.1953125, 168296.21875, 126479.9296875, 32503004.3203125, 53341.9453125, 31576.1328125, 10447.15625, 20614.046875, 10638.859375, 66595.890625, 10354.8828125, 1462280.7890625, 496078.78125, 10212.171875, 3757126.2734375]",true,true
26,CCc1c(CN)c(CC)c(CN)c(CC)c1CN,CC(C)(C)c1cc(C=O)c(O)c(C=O)c1,TWENTY_PLUS_THIRTY,,[],"[8.102307024447464, 8.083358172663813, 7.810739208292572, 7.69949111072404, 7.677485992523669, 7.6145269043392805, 7.595578052555629, 7.561959121971732, 7.497166273937312, 7.4751611557369415, 7.347409219518132, 6.864519125676697]","[288606.5703125, 332195.53125, 1040108.9921875, 2354271.4140625, 20449.9453125, 52811.328125, 2266012.6484375, 10006.125, 71068.9375, 175644.21875, 10182.984375, 20718.9921875]",false,true
27,NCCCN(CCCN)CCCN,CC(C)(C)c1cc(C=O)c(O)c(C=O)c1,FOUR_PLUS_SIX,,[],"[8.153041046964981, 8.135314701748017, 7.961107515995096, 7.940936157644757, 7.836411846193004, 7.388363189502153, 7.382250656668717, 7.1774808067486155, 7.175647046898584, 7.173202033765209, 7.167700754215117, 7.162810727948369, 7.1603657148149935, 7.02833500561278, 6.891414270143816, 6.8040050506256815]","[222636.5078125, 803004.765625, 1653960.1640625, 40998.9140625, 20370.859375, 10283.359375, 422285.859375, 10195.3515625, 10420.359375, 21482.84375, 20574.5859375, 52940.1328125, 10370.2734375, 21769.703125, 8070591.1953125, 10782.9609375]",false,true
28,NCCCN(CCCN)CCCN,CC(C)(C)c1cc(C=O)c(O)c(C=O)c1,EIGHT_PLUS_TWELVE,[9.89022287822746],[178751.1328125],"[8.286294262733884, 8.258787864983423, 8.211721362165965, 8.204997576049186, 8.09313822519731, 8.056463028196694, 7.84252437902644, 7.836411846193004, 7.834578086342972, 7.821741767392757, 7.816240487842665, 7.72332998877444, 7.477606168870317, 7.386529429652121, 7.379805643535342, 7.376138123835281, 7.373081857418564, 7.121245504681005, 7.09985163976398, 6.848626540309764, 6.843736514043016, 6.8278439286760815, 6.825398915542708, 6.822342649125989, 6.815007609725868, 6.805227557192369, 6.796058757942216, 6.783833692275344, 6.569895043105088]","[234892.7109375, 1550640.0703125, 344368.765625, 10137.0625, 1673884.3046875, 76894.5, 208314.171875, 31273.828125, 10105.8671875, 329875.03125, 10391.65625, 6604799.8203125, 10065848.09375, 20837.1484375, 31465.75, 43468.328125, 53992.9296875, 32621.53125, 54894.53125, 51679.6875, 189567.25, 20561.3984375, 10327.9765625, 110880.609375, 10222.7109375, 493069.6171875, 10226.5703125, 419279.09375, 2262039.8359375]",true,true
29,NCCCN(CCCN)CCCN,CC(C)(C)c1cc(C=O)c(O)c(C=O)c1,TWENTY_PLUS_THIRTY,[9.889611624944116],[553675.6875],"[8.184214964415505, 8.020399084479422, 7.845580645443157, 7.818074247692696, 7.676263485956982, 7.6652609268567975, 7.662815913723424, 7.638977035673024, 7.450099771119856, 7.390196949352184, 7.347409219518132, 7.191539632265517, 7.190317125698829, 7.187260859282112, 7.186038352715425, 7.18359333958205, 7.179925819881989, 7.057675163213272, 6.947649572211425, 6.906084348944061, 6.5631712569883085]","[98274.2734375, 2129993.0078125, 1330456.625, 10052.6953125, 788431.71875, 30931.75, 20835.2578125, 10314.4140625, 10691404.3203125, 31611.234375, 10142.2890625, 10437.234375, 10528.109375, 10019.2421875, 20857.1171875, 20096.109375, 41614.5390625, 1668286.03125, 8939967.765625, 20692.859375, 4650618.8671875]",true,true
30,Nc1nc(N)nc(N)n1,O=Cc1cc2sc(C=O)cc2s1,FOUR_PLUS_SIX,"[9.923230555528013, 9.89878042419427, 9.865161493610373]","[20316.0625, 6110841.5, 10154.5703125]","[7.888979628560552, 7.836411846193004, 7.640199542239712, 7.6383657823896804, 7.637143275822993, 7.631641996272901, 7.626751970006152, 7.616360664189312, 7.577240454055321, 7.575406694205292, 7.568682908088512, 7.565015388388449, 6.967820930561764, 6.96354215757836, 6.962319651011672, 6.954373358328205, 6.9464270656447376]","[20390.7421875, 13347995.40625, 20855.3671875, 10075.0390625, 20217.0234375, 10435.7265625, 21850.8984375, 10191.78125, 10425.6796875, 73879.609375, 52621.9296875, 32100.2421875, 54075.2109375, 10125.7421875, 41841.8046875, 214069.4453125, 10120.46875]",true,true
31,Nc1nc(N)nc(N)n1,O=Cc1cc2sc(C=O)cc2s1,EIGHT_PLUS_TWELVE,[10.030811133396485],[130734.125],"[8.27040167736695, 7.90242720079411, 7.88347834901046, 7.78812283680886, 7.685432285207137, 7.563792881821762, 7.561347868688388, 7.544232776754768, 7.45437854410326, 7.115132971847569]","[832644.140625, 131566.4453125, 183929.875, 643976.984375, 4197016.96875, 10263.296875, 65002.71875, 175204.421875, 30244.5546875, 85432.5625]",true,true
32,Nc1nc(N)nc(N)n1,O=Cc1cc2sc(C=O)cc2s1,TWENTY_PLUS_THIRTY,"[10.033218218043753, 10.031385694992181]","[10208.2421875, 20529.5390625]","[7.707135624583266, 7.690032076101939, 7.544041072993467, 7.420040346503846, 7.382779044455241, 7.38033568038648, 7.161654596232369, 7.1537136630088956]","[407993.2734375, 426312.7890625, 34237.2109375, 1607852.1171875, 32377.484375, 20348.3046875, 10889.6875, 10610.1640625]",true,true
33,Cc1c(CN)c(C)c(CN)c(C)c1CN,O=Cc1cc2sc(C=O)cc2s1,FOUR_PLUS_SIX,"[9.93117684821148, 9.89878042419427]","[10115.5546875, 6659668.7578125]","[7.90059344094408, 7.898148427810705, 7.896314667960674, 7.836411846193004, 7.4990000337873415, 7.444598491569764, 7.360856791751692, 7.359634285185004, 7.3553555122016, 7.349242979368164]","[10176.6015625, 10015.609375, 10268.4375, 14229151.8359375, 7305764.203125, 10078.0078125, 20180.8125, 20033.7109375, 10012.71875, 123941.9296875]",true,true
34,Cc1c(CN)c(C)c(CN)c(C)c1CN,O=Cc1cc2sc(C=O)cc2s1,EIGHT_PLUS_TWELVE,[9.889611624944115],[409359.890625],"[8.240450266483114, 7.841913125743096, 7.648145834923177, 7.057063909929928, 6.832122701659488, 6.819897635992616, 6.815007609725868, 6.797892517792247, 6.792391238242153]","[2075301.515625, 1177770.609375, 3716135.1171875, 1313203.5625, 84019.0390625, 10366.0546875, 138312.0234375, 10039.875, 21448.6953125]",true,true
35,Cc1c(CN)c(C)c(CN)c(C)c1CN,O=Cc1cc2sc(C=O)cc2s1,TWENTY_PLUS_THIRTY,"[9.92261930224467, 9.890834131510804]","[71631.8828125, 87702.34375]","[8.288128022583916, 8.10352953101415, 7.888368375277208, 7.866974510360182, 7.826631793659505, 7.671984712973577, 7.649368341489865, 7.543621523471424, 7.493498754237249, 7.39630948218562, 7.386529429652121, 7.3828619099520605, 7.1334705703478765, 7.118189238264286, 7.112687958714194, 7.096184120063917, 7.0919053470805125, 7.0857928142470765, 6.876132938060225, 6.5485011781880615, 6.509992221337416, 6.508158461487385, 6.502657181937293]","[1844371.3203125, 1496796.71875, 56909.765625, 109866.3203125, 2763649.6484375, 4047275.09375, 10123.0234375, 74946.0703125, 7146091.578125, 64021.609375, 10575.109375, 43609.859375, 20691.8046875, 174623.2734375, 10100.921875, 162046.234375, 10135.71875, 10398.484375, 3540728.21875, 3810794.171875, 10311.5234375, 53779.8828125, 54105.65625]",true,true
36,NCCN(CCN)CCN,O=Cc1cc2sc(C=O)cc2s1,FOUR_PLUS_SIX,"[10.489862349187518, 10.404898142802761, 10.382893024602392]","[3289160.71875, 20888.9375, 3302202.75]","[7.766728971891833, 7.764895212041804, 7.73372129459128, 7.670150953123546, 7.6499795947732085, 7.39141945591887, 7.2019309380823575]","[10116.25, 54950.90625, 3639570.640625, 10378.65625, 3581309.46875, 129595.734375, 43998.859375]",true,true
37,NCCN(CCN)CCN,O=Cc1cc2sc(C=O)cc2s1,EIGHT_PLUS_TWELVE,[10.54793141110516],[224059.125],"[7.354133005634912, 7.170757020631836, 7.164033234515056, 7.157309448398276]","[10024.734375, 30990.6875, 30315.0625, 10162.3125]",true,true
38,NCCN(CCN)CCN,O=Cc1cc2sc(C=O)cc2s1,TWENTY_PLUS_THIRTY,"[10.066875077113757, 10.039368679363294, 10.013696041462865, 9.929343088361449, 9.906726716877737]","[76242.5703125, 5178136.375, 10560.3515625, 4991257.1484375, 10856.609375]","[7.954383729878316, 7.200097178232328, 7.194595898682236]","[23033792.9921875, 20315.5078125, 10118.53125]",true,true
39,CCc1c(CN)c(CC)c(CN)c(CC)c1CN,O=Cc1cc2sc(C=O)cc2s1,FOUR_PLUS_SIX,[9.623954736526283],[1312285.4453125],"[7.624061246245391, 7.221517015917014, 7.219073651848252]","[2690746.703125, 142084.3515625, 20319.9921875]",true,true
40,CCc1c(CN)c(CC)c(CN)c(CC)c1CN,O=Cc1cc2sc(C=O)cc2s1,EIGHT_PLUS_TWELVE,[9.870051519877121],[5266701.2421875],"[7.4990000337873415, 7.497166273937312, 7.428094652919485, 7.346186712951445, 7.209877230765825, 7.115132971847569]","[10583.8125, 10000.0390625, 11694930.625, 10085.546875, 10219.328125, 5538073.5234375]",true,true
41,CCc1c(CN)c(CC)c(CN)c(CC)c1CN,O=Cc1cc2sc(C=O)cc2s1,TWENTY_PLUS_THIRTY,"[10.596831673772648, 10.563823996472093, 10.536928852004976, 10.436072060253284, 10.430570780703192, 10.401230623102698]","[10002.609375, 6526472.21875, 10579.78125, 10488.890625, 32113.890625, 6548054.28125]","[8.387151054485575, 8.34191831151815, 8.031401643579606, 8.028956630446233, 7.986780153895525, 7.966608795545188, 7.562570375255076, 7.387140682935465, 7.384695669802092, 7.3828619099520605, 7.380416896818685, 7.378583136968656, 7.373081857418564, 7.369414337718501, 7.36758057786847, 7.363301804885065, 7.18175957973202, 7.178703313315301]","[20932.171875, 6844456.09375, 10252.9375, 10674.171875, 6860130.28125, 52906.75, 7606888.671875, 10316.25, 21850.84375, 21197.375, 42224.453125, 10066.03125, 21451.484375, 21643.296875, 20638.53125, 65751.515625, 21955.03125, 10108.859375]",true,true
42,NCCCN(CCCN)CCCN,O=Cc1cc2sc(C=O)cc2s1,FOUR_PLUS_SIX,[9.886555358527398],[8299685.5625],"[7.894480908110644, 7.827243046942849, 7.343130446534728, 7.029557512179466, 6.9610971444449845, 6.937869519677928]","[41601.3984375, 17534583.234375, 41604.5625, 18549489.6328125, 165540.2265625, 10591.0]",true,true
43,NCCCN(CCCN)CCCN,O=Cc1cc2sc(C=O)cc2s1,EIGHT_PLUS_TWELVE,"[10.53754010528832, 10.52898255932151, 10.499642401721017]","[21658.25, 1048095.953125, 971561.828125]","[7.451933530969885, 7.369414337718501, 7.366969324585128, 7.362079298318378, 7.199485924948984]","[2430474.390625, 20578.0, 66012.4375, 44647.90625, 10533.765625]",true,true
44,NCCCN(CCCN)CCCN,O=Cc1cc2sc(C=O)cc2s1,TWENTY_PLUS_THIRTY,,[],"[7.3767493771186246, 7.371859350851876, 7.369414337718501, 7.366358071301784, 7.179314566598645]","[88531.625, 53844.6640625, 20515.203125, 46900.6015625, 10061.5234375]",false,true
45,Nc1nc(N)nc(N)n1,O=Cc1ccc(C=O)cc1,FOUR_PLUS_SIX,,[],"[7.867585763643525, 7.854138191409968, 7.081514041263672, 7.07601276171358, 7.063787696046708, 7.0588976697799595, 7.0527851369465235, 7.048506363963117, 7.047283857396431]","[1219125.3671875, 10909.9765625, 10065.6875, 272876.71875, 20525.4296875, 86026.4375, 84386.5859375, 20506.15625, 10285.2578125]",false,true
46,Nc1nc(N)nc(N)n1,O=Cc1ccc(C=O)cc1,EIGHT_PLUS_TWELVE,,[],"[7.782621557258768, 7.744723853691465, 7.7392225741413725, 7.727608761757844, 7.72332998877444, 7.639588288956368, 7.47821742215366, 7.476994915586973, 7.472716142603568, 7.444598491569764, 7.385306923085436, 7.381639403385373, 7.3553555122016, 7.351687992501537, 7.3498542326515075, 7.346186712951445, 6.56500501683834, 6.561337497138277]","[3316376.7421875, 42526.046875, 10219.765625, 10273.6953125, 31194.8359375, 15662101.9765625, 10083.8359375, 10039.53125, 42857.296875, 4461223.8203125, 20502.4765625, 20582.078125, 21388.109375, 10133.9140625, 53753.640625, 31407.8515625, 10037.53125, 32680.53125]",false,true
47,Nc1nc(N)nc(N)n1,O=Cc1ccc(C=O)cc1,TWENTY_PLUS_THIRTY,,[],"[7.401199508452368, 7.397531988752307, 7.393864469052245, 7.200097178232328, 7.1927621388322045, 7.182370833015364, 6.721485857374297]","[10192.625, 43773.078125, 31089.7890625, 31400.890625, 10912.6328125, 10204.9140625, 2698390.5546875]",false,true
48,Cc1c(CN)c(C)c(CN)c(C)c1CN,O=Cc1ccc(C=O)cc1,FOUR_PLUS_SIX,,[],"[8.129202168914581, 8.067465587296878, 8.061353054463444, 8.05401801506332, 8.05035049536326, 8.04362670924648, 8.040570442829761, 7.425649639786112, 7.077846521563609, 7.074179001863548, 7.071733988730173, 7.066232709180081, 7.046061350829744, 6.929923226994461, 6.908529362077436]","[281103.875, 62671.8515625, 53529.5859375, 40741.9140625, 22171.6640625, 141638.6484375, 10251.1328125, 20872.1171875, 31774.3125, 20581.6875, 10387.3359375, 253300.046875, 74888.890625, 341284.8828125, 154645.453125]",false,true
49,Cc1c(CN)c(C)c(CN)c(C)c1CN,O=Cc1ccc(C=O)cc1,EIGHT_PLUS_TWELVE,,[],"[7.351687992501537, 7.346797966234789, 7.1774808067486155, 7.172590780481865, 7.168312007498461, 7.1658669943650875]","[20385.703125, 83512.484375, 94237.0625, 21311.375, 10075.125, 21158.96875]",false,true
50,Cc1c(CN)c(C)c(CN)c(C)c1CN,O=Cc1ccc(C=O)cc1,TWENTY_PLUS_THIRTY,,[],"[8.170767392181945, 8.102307024447464, 8.090081958780592, 8.07296686684697, 7.6230844503060915, 7.192150885548861, 7.184815846148737, 7.1780920600319575, 6.9195319211776205, 6.88530173731038]","[3819279.6796875, 10291.0234375, 51961.171875, 737335.171875, 11161914.8828125, 55762.1875, 20336.65625, 10019.6328125, 30639.140625, 11332591.8515625]",false,true
51,NCCN(CCN)CCN,O=Cc1ccc(C=O)cc1,FOUR_PLUS_SIX,,[],"[8.686665163323935, 8.662826285273534, 8.569915786205309]","[1464422.34375, 21094.1171875, 278608.125]",false,true
52,NCCN(CCN)CCN,O=Cc1ccc(C=O)cc1,EIGHT_PLUS_TWELVE,,[],"[7.401810761735712, 7.39630948218562, 7.38958569606884, 7.387140682935465, 7.383473163235404, 7.187872112565456, 7.1842045928653935, 7.180537073165333, 7.169534514065148]","[20793.6171875, 74953.1796875, 107279.1171875, 10160.203125, 21071.75, 20391.96875, 10078.1484375, 31397.0703125, 10030.21875]",false,true
53,NCCN(CCN)CCN,O=Cc1ccc(C=O)cc1,TWENTY_PLUS_THIRTY,,[],"[7.983723887478808, 7.962941275845125, 7.946437437194849, 7.48677496812047, 7.469659876186849, 7.462324836786728, 7.459268570370009, 7.41342457411924, 7.3651355647350965, 7.358411778618317, 7.351076739218193, 7.349242979368164, 7.344964206384757, 7.065010202613395, 7.06256518948002, 7.0527851369465235, 7.046672604113088, 7.043005084413025, 7.034447538446216, 7.032002525312841]","[10049.625, 606883.203125, 31237.9296875, 10205.21875, 233351.578125, 42189.3046875, 31874.2109375, 4580934.2578125, 40539.859375, 10089.4765625, 10301.75, 66741.03125, 30943.0390625, 10124.2421875, 20345.9140625, 10566.1796875, 21142.453125, 84576.25, 20461.96875, 20970.6796875]",false,true
54,CCc1c(CN)c(CC)c(CN)c(CC)c1CN,O=Cc1ccc(C=O)cc1,FOUR_PLUS_SIX,,[],"[8.180547444715444, 7.982501380912121, 7.906094720494172, 7.864529497226808, 7.843135632309782, 7.788734090092202, 7.684209778640449, 7.4898312345371885, 7.453767290819917, 7.407923294569148, 7.401199508452368, 7.202542191365701, 7.197040911815609, 7.145695636014748, 7.13591558348125, 7.125524277664409, 7.048506363963117]","[239604.671875, 1045817.796875, 2505429.234375, 10078.0625, 2578403.078125, 1182241.2890625, 252302.3359375, 10015.3515625, 3311347.1796875, 20957.171875, 31727.09375, 20154.7265625, 10036.4453125, 502689.3984375, 10163.015625, 341354.5703125, 32114.390625]",false,true
55,CCc1c(CN)c(CC)c(CN)c(CC)c1CN,O=Cc1ccc(C=O)cc1,EIGHT_PLUS_TWELVE,,[],"[7.876143309610336, 7.826020540376161, 7.824798033809476, 7.8076829418758535, 7.429928412769517, 7.36574681801844, 7.363913058168409, 7.359634285185004, 7.049728870529805, 6.9042505890940316, 6.883467977460349, 6.864519125676697, 6.525273553421005]","[1084567.046875, 10103.015625, 21586.921875, 1494896.6875, 75132.8046875, 57369.75, 10198.640625, 52291.0234375, 2568077.359375, 10362.859375, 3141918.3828125, 10002.2109375, 953800.0078125]",false,true
56,CCc1c(CN)c(CC)c(CN)c(CC)c1CN,O=Cc1ccc(C=O)cc1,TWENTY_PLUS_THIRTY,,[],"[8.212943868732653, 8.143872247714828, 8.142038487864797, 7.944603677344817, 7.849859418426561, 7.745946360258152, 7.423204626652737, 7.407923294569148, 7.392641962485557, 7.032613778596184, 6.893859283277189, 6.865130378960041, 6.862074112543324, 6.837012727926236, 6.833956461509517, 6.8309001950928, 6.767941106908411, 6.640189170689601, 6.626130345172697, 6.533831099387816, 6.513659741037477]","[395678.1796875, 10674.7890625, 125383.3125, 3304757.1328125, 232614.0546875, 1482124.78125, 21057.46875, 54482.8984375, 532218.8203125, 851094.7890625, 6257205.890625, 10390.4140625, 10177.078125, 10598.8984375, 10042.953125, 21635.6953125, 10551497.515625, 11159.09375, 1910252.5625, 237835.4921875, 148585.9609375]",false,true
57,NCCCN(CCCN)CCCN,O=Cc1ccc(C=O)cc1,FOUR_PLUS_SIX,,[],"[8.728230386591298, 8.69950148227415, 8.602312210222518, 8.42199249163616, 8.305243114517534, 8.277736716767073, 7.613915651055937, 7.198263418382297, 7.195207151965578, 7.193373392115548, 7.192150885548861, 6.9433707992280205]","[2615261.2578125, 63747.25, 415604.046875, 469401.5859375, 2690424.1484375, 10369.0234375, 7670761.3515625, 41501.046875, 31419.4296875, 10106.3984375, 10370.1171875, 20292.2890625]",false,true
58,NCCCN(CCCN)CCCN,O=Cc1ccc(C=O)cc1,EIGHT_PLUS_TWELVE,[9.882276585543993],[56763.5078125],"[8.222112667982808, 8.02834537716289, 7.9623300225617815, 7.961107515995096, 7.944603677344817, 7.84252437902644, 7.822964273959444, 7.821130514109413, 7.773452758008613, 7.631030742989557, 7.563792881821762, 6.956207118178236, 6.796058757942216, 6.594345174438832]","[319501.1953125, 650741.15625, 10146.375, 10139.5390625, 1512341.5703125, 11349.8828125, 10320.4375, 31114.3515625, 52725.7890625, 1039413.09375, 3590936.453125, 21071.5703125, 22857240.203125, 1870041.265625]",true,true
59,NCCCN(CCCN)CCCN,O=Cc1ccc(C=O)cc1,TWENTY_PLUS_THIRTY,,[],"[8.526516803087913, 8.442163849986498, 8.366368442851895, 7.338851673551321, 7.196429658532265, 7.190928378982173, 7.184815846148737, 7.180537073165333, 7.178703313315301, 7.1750357936152405, 7.102907906180697, 6.958040878028267, 6.932368240127836]","[579162.765625, 848483.9375, 553213.9921875, 65402.0703125, 55054.328125, 53807.9609375, 10006.796875, 10228.84375, 30520.6875, 10150.2734375, 1408444.484375, 470491.5, 636304.703125]",false,true
60,Nc1nc(N)nc(N)n1,O=Cc1c(F)c(F)c(C=O)c(F)c1F,FOUR_PLUS_SIX,,[],"[7.58702050658882, 7.5760179474886336, 7.379194390252, 7.3736931107019075, 7.366358071301784, 7.182982086298708, 6.912196881777497]","[107394.109375, 147092.5546875, 10310.3828125, 10642.0546875, 146548.0234375, 62654.9296875, 10635.4609375]",false,true
61,Nc1nc(N)nc(N)n1,O=Cc1c(F)c(F)c(C=O)c(F)c1F,EIGHT_PLUS_TWELVE,,[],"[7.908539733627546, 7.90731722706086, 7.873698296476961, 7.834578086342972, 7.832133073209597, 7.543010270188081, 7.541176510338049, 7.1780920600319575, 7.170757020631836, 7.167700754215117, 7.1664782476484294, 7.163421981231712, 7.159143208248308]","[10679.609375, 10411.7265625, 2159829.609375, 20825.28125, 10714.7421875, 20292.5546875, 10111.328125, 157094.515625, 42696.328125, 10148.9296875, 20488.625, 21190.3984375, 20620.453125]",false,true
62,Nc1nc(N)nc(N)n1,O=Cc1c(F)c(F)c(C=O)c(F)c1F,TWENTY_PLUS_THIRTY,,[],"[7.630419489706213, 7.4990000337873415, 7.425038386502768, 7.377971883685312, 7.186038352715425, 7.1835933395820515, 7.17136827391518, 6.579063842355241, 6.547278671621376]","[22365608.1796875, 10109.4140625, 6323873.3515625, 65883.765625, 10008.4765625, 32127.9921875, 1244250.984375, 122693.546875, 501384.796875]",false,true
63,Cc1c(CN)c(C)c(CN)c(C)c1CN,O=Cc1c(F)c(F)c(C=O)c(F)c1F,FOUR_PLUS_SIX,,[],"[7.38958569606884, 7.379805643535342, 7.373081857418564, 6.9739334633952, 6.957429624744924, 6.703759512157333]","[413104.5390625, 42114.515625, 72112.578125, 1910631.390625, 10284.703125, 5269197.1328125]",false,true
64,Cc1c(CN)c(C)c(CN)c(C)c1CN,O=Cc1c(F)c(F)c(C=O)c(F)c1F,EIGHT_PLUS_TWELVE,,[],"[8.12064462294777, 8.109642063847586, 8.055851774913352, 7.972721328378624, 7.4268721463528, 7.190317125698829, 7.182982086298708, 7.1780920600319575, 7.176258300181928, 7.171979527198522, 7.1689232607818045, 7.162810727948369, 7.154253181981558, 7.149974408998153, 7.146918142581436, 7.1426393695980295, 7.138360596614625, 7.1359155834812515, 7.041171324562995, 6.911585628494153]","[309718.671875, 10168.6328125, 2189676.7890625, 5217378.46875, 10114.4765625, 87471.7890625, 54193.921875, 41201.375, 21337.65625, 20833.875, 21549.4921875, 10147.4765625, 10671.0078125, 31619.90625, 41783.375, 43011.859375, 30962.09375, 21283.4296875, 9364706.1796875, 8534204.8359375]",false,true
65,Cc1c(CN)c(C)c(CN)c(C)c1CN,O=Cc1c(F)c(F)c(C=O)c(F)c1F,TWENTY_PLUS_THIRTY,[10.335826521784934],[133951.3203125],"[8.898158799360814, 8.617593542306109, 8.611481009472673, 8.58030709202215, 8.574194559188713, 8.546688161438253, 8.480061553553801, 8.434217557303032, 8.400598626719134, 8.38959606761895, 8.385928547918889, 8.36942470926861, 8.085803185797186, 8.083969425947156, 8.078468146397064, 8.068688093863567, 8.065631827446849, 8.057685534763381, 7.899982187660736, 7.892647148260613, 7.844969392159813, 7.813184221425946, 7.796680382775669, 7.790567849942233, 7.774675264575301, 7.758782679208368, 7.738611320858029, 7.705603643557476, 7.690933564757229, 7.684821031923793, 7.442764731719732, 7.439708465303013]","[159234.359375, 408367.0859375, 20587.1171875, 10175.0078125, 31871.3828125, 2172095.921875, 255809.53125, 377109.890625, 434135.71875, 10517.0859375, 10286.1015625, 439002.15625, 10413.0234375, 10115.03125, 218612.6875, 20863.71875, 20536.1015625, 203411.59375, 197620.2734375, 20376.265625, 1508122.453125, 237801.734375, 20552.3125, 20316.9609375, 53164.46875, 256079.0, 447455.078125, 231615.921875, 21017.59375, 94391.8828125, 41953.8203125, 42179.78125]",true,true
66,NCCN(CCN)CCN,O=Cc1c(F)c(F)c(C=O)c(F)c1F,FOUR_PLUS_SIX,,[],"[8.087636945647217, 8.059519294613413, 8.05401801506332, 8.007562765529206, 7.659759647306705, 7.601079332105721, 7.337629166984636, 7.334572900567917, 7.3315166341512, 7.202542191365701, 7.2013196847990155, 6.885912990593724, 6.826010168826052]","[5891290.609375, 64535.953125, 10227.84375, 1950245.21875, 42582.125, 16929609.7265625, 10365.0078125, 10433.828125, 33355.1171875, 10083.25, 10249.265625, 17117702.3515625, 20803.5390625]",false,true
67,NCCN(CCN)CCN,O=Cc1c(F)c(F)c(C=O)c(F)c1F,EIGHT_PLUS_TWELVE,,[],"[8.661603778706848, 7.450099771119856, 7.3412966866846965, 7.337629166984634, 7.209877230765825]","[2724401.390625, 3104175.265625, 31409.03125, 20271.4296875, 40529.3203125]",false,true
68,NCCN(CCN)CCN,O=Cc1c(F)c(F)c(C=O)c(F)c1F,TWENTY_PLUS_THIRTY,,[],"[7.436652198886296, 7.1835933395820515]","[64904.3828125, 189849.8828125]",false,true
69,CCc1c(CN)c(CC)c(CN)c(CC)c1CN,O=Cc1c(F)c(F)c(C=O)c(F)c1F,FOUR_PLUS_SIX,,[],"[7.83091056664291, 7.546677789888141, 7.431762172619548, 6.8956930431272205, 6.8926367767105035, 6.884079230743692, 6.876744191343569, 6.8694091519434455, 6.863907872393353, 6.8541278198598565, 6.847404033743077, 6.8455702738930455, 6.843125260759672, 6.8272326753927395]","[10601.578125, 10158.015625, 20577.0703125, 106663.453125, 10352.8984375, 139584.34375, 10439.1796875, 52967.9765625, 20743.1796875, 73404.34375, 10068.234375, 20864.9453125, 10027.1953125, 10367.7578125]",false,true
70,CCc1c(CN)c(CC)c(CN)c(CC)c1CN,O=Cc1c(F)c(F)c(C=O)c(F)c1F,EIGHT_PLUS_TWELVE,,[],"[8.291184289000633, 8.26184413140014, 8.249007812449925, 8.148762273981577, 8.048516735513228, 7.99594895314568, 7.982501380912121, 7.8877571219938645, 7.841913125743096, 7.8400793658930645, 7.761838945625085, 7.758782679208368, 7.7569489193583365, 7.638977035673024, 7.499611287070685, 7.465381103203445, 7.45437854410326, 7.4421534784363885, 7.370636844285189, 6.5778413357885555, 6.528941073121068]","[42536.078125, 10255.90625, 907015.0390625, 1411267.125, 487237.671875, 71552.515625, 41439.859375, 618796.2734375, 20767.2890625, 10095.2734375, 10060.90625, 10173.5078125, 10131.6953125, 10620.5234375, 10794737.9296875, 10662.7578125, 20572.1015625, 1883568.8515625, 200404.65625, 243078.6640625, 430255.890625]",false,true
71,CCc1c(CN)c(CC)c(CN)c(CC)c1CN,O=Cc1c(F)c(F)c(C=O)c(F)c1F,TWENTY_PLUS_THIRTY,,[],"[7.988002660462213, 7.937268637944696, 7.913429759894296, 7.871864536626932, 7.435429692319609, 7.404255774869085, 7.399365748602337, 7.393864469052245, 7.390808202635528, 7.388363189502153, 7.386529429652121, 7.383473163235404, 7.377360630401968, 7.030780018746153, 6.776498652875221, 6.768552360191753, 6.755104787958196, 6.572340056238463]","[546367.5859375, 10051.359375, 1978930.625, 135188.125, 1643092.3125, 10317.1484375, 99493.7890625, 10169.015625, 20239.25, 20790.2265625, 10411.9765625, 63312.453125, 122128.6328125, 334895.7734375, 42173.640625, 404035.3359375, 10486.0234375, 1791187.8828125]",false,true
72,NCCCN(CCCN)CCCN,O=Cc1c(F)c(F)c(C=O)c(F)c1F,FOUR_PLUS_SIX,,[],"[8.214777628582684, 8.182381204565473, 8.168322379048572, 8.163432352781822, 8.159764833081761, 8.07602313326369, 7.945214930628161, 7.440930971869701, 7.404867028152429, 7.14752939586478, 7.140194356464656, 7.137749343331281, 7.13591558348125, 7.1334705703478765, 7.124301771097722, 7.113299211997537, 7.11024294558082, 7.106575425880758, 7.040560071279652, 6.9433707992280205, 6.76794110690841]","[203259.703125, 434787.65625, 10059.1328125, 10155.3984375, 20865.3515625, 1588777.5859375, 411127.25, 10031.75, 2009926.7109375, 41354.109375, 21464.0, 30877.0859375, 10596.5625, 20374.984375, 385226.34375, 20991.203125, 54076.9609375, 10749.640625, 431928.6953125, 3249578.9375, 2448965.390625]",false,true
73,NCCCN(CCCN)CCCN,O=Cc1c(F)c(F)c(C=O)c(F)c1F,EIGHT_PLUS_TWELVE,,[],"[8.83581096445977, 8.747790491658293, 8.42871627775294, 8.349253350918273, 7.745946360258152, 7.66892844655686, 7.6499795947732085, 7.565015388388449, 7.546066536604798, 7.352299245784881, 7.348020472801476, 7.346186712951445, 7.189094619132144, 6.978212236378605, 6.959874637878297, 6.942148292661333]","[442085.3515625, 299691.4921875, 304114.5, 446451.890625, 1073762.9921875, 193728.8203125, 215084.125, 127838.4609375, 111579.6875, 21210.40625, 20714.5, 10300.46875, 10005.1171875, 97061.875, 10254.5546875, 73839.09375]",false,true
74,NCCCN(CCCN)CCCN,O=Cc1c(F)c(F)c(C=O)c(F)c1F,TWENTY_PLUS_THIRTY,[9.882276585543993],[10054.6328125],"[8.194606270232345, 8.154874806815013, 8.15242979368164, 8.144483500998172, 8.138370968164734, 8.119422116381084, 8.083358172663813, 8.014897804929332, 7.84252437902644, 7.543621523471424, 7.417092093819301, 7.4097570544191775, 7.407923294569148, 6.960485891161641, 6.921976934310996, 6.830288941809457, 6.789334971825436, 6.712317058124144, 6.692756953057149]","[2437459.171875, 20890.0625, 10029.296875, 10476.2890625, 75592.234375, 1825353.15625, 107627.40625, 2422675.2734375, 41118.71875, 9854592.6640625, 31182.109375, 10189.6875, 10485.4921875, 10217.3203125, 4758574.1484375, 3948181.78125, 10370.6796875, 20498.7734375, 4694688.703125]",true,true
